{"cameraMode":{"drawMode":0,"name":"Shaded","section":"Shading Mode"},"sceneLighting":true,"audioPlay":false,"sceneViewState":{"m_AlwaysRefresh":false,"showFog":true,"showSkybox":true,"showFlares":true,"showImageEffects":true,"showParticleSystems":true,"showVisualEffectGraphs":true,"m_FxEnabled":true},"in2DMode":false,"pivot":{"x":0.08000004291534424,"y":1.2899999618530274,"z":86.33999633789063},"rotation":{"x":0.07938865572214127,"y":-0.026311678811907769,"z":0.0020962159615010025,"w":0.9964950084686279},"size":3.1591131687164308,"orthographic":true}