{"cameraMode":{"drawMode":0,"name":"Shaded","section":"Shading Mode"},"sceneLighting":true,"audioPlay":false,"sceneViewState":{"m_AlwaysRefresh":false,"showFog":true,"showSkybox":true,"showFlares":true,"showImageEffects":true,"showParticleSystems":true,"showVisualEffectGraphs":true,"m_FxEnabled":true},"in2DMode":false,"pivot":{"x":26.53497314453125,"y":-0.9421553611755371,"z":52.268096923828128},"rotation":{"x":-0.15424972772598267,"y":-0.1789005994796753,"z":0.028511814773082734,"w":-0.9713696837425232},"size":47.71249771118164,"orthographic":true}