{"cameraMode":{"drawMode":0,"name":"Shaded","section":"Shading Mode"},"sceneLighting":true,"audioPlay":false,"sceneViewState":{"m_AlwaysRefresh":false,"showFog":true,"showSkybox":true,"showFlares":true,"showImageEffects":true,"showParticleSystems":true,"showVisualEffectGraphs":true,"m_FxEnabled":true},"in2DMode":false,"pivot":{"x":0.9637359380722046,"y":3.3557229042053224,"z":86.21099853515625},"rotation":{"x":-0.029569249600172044,"y":-0.16482757031917573,"z":0.005052724853157997,"w":-0.9859505295753479},"size":35.567108154296878,"orthographic":true}