{"cameraMode":{"drawMode":0,"name":"Shaded","section":"Shading Mode"},"sceneLighting":true,"audioPlay":false,"sceneViewState":{"m_AlwaysRefresh":false,"showFog":true,"showSkybox":true,"showFlares":true,"showImageEffects":true,"showParticleSystems":true,"showVisualEffectGraphs":true,"m_FxEnabled":true},"in2DMode":false,"pivot":{"x":0.08000004291534424,"y":1.2899999618530274,"z":86.33999633789063},"rotation":{"x":-0.30959001183509829,"y":0.16099950671195985,"z":-0.053139377385377887,"w":-0.9357205033302307},"size":3.1591131687164308,"orthographic":true}