{"cameraMode":{"drawMode":0,"name":"Shaded","section":"Shading Mode"},"sceneLighting":true,"audioPlay":false,"sceneViewState":{"m_AlwaysRefresh":false,"showFog":true,"showSkybox":true,"showFlares":true,"showImageEffects":true,"showParticleSystems":true,"showVisualEffectGraphs":true,"m_FxEnabled":true},"in2DMode":false,"pivot":{"x":-14.978607177734375,"y":2.58329439163208,"z":36.45724105834961},"rotation":{"x":0.27941590547561648,"y":0.17222382128238679,"z":-0.051019832491874698,"w":0.943220853805542},"size":0.02532839961349964,"orthographic":false}