{"cameraMode":{"drawMode":0,"name":"Shaded","section":"Shading Mode"},"sceneLighting":true,"audioPlay":false,"sceneViewState":{"m_AlwaysRefresh":false,"showFog":true,"showSkybox":true,"showFlares":true,"showImageEffects":true,"showParticleSystems":true,"showVisualEffectGraphs":true,"m_FxEnabled":true},"in2DMode":false,"pivot":{"x":10.548405647277832,"y":14.911550521850586,"z":11.99170970916748},"rotation":{"x":0.16547057032585145,"y":0.05579030141234398,"z":-0.009732523933053017,"w":0.9847379326820374},"size":5.497902870178223,"orthographic":true}