{"cameraMode":{"drawMode":0,"name":"Shaded","section":"Shading Mode"},"sceneLighting":true,"audioPlay":false,"sceneViewState":{"m_AlwaysRefresh":false,"showFog":true,"showSkybox":true,"showFlares":true,"showImageEffects":true,"showParticleSystems":true,"showVisualEffectGraphs":true,"m_FxEnabled":true},"in2DMode":false,"pivot":{"x":-4.391620635986328,"y":5.902647972106934,"z":13.70960807800293},"rotation":{"x":-0.26249033212661745,"y":0.0027627747040241958,"z":0.0009110671817325056,"w":-0.9652959108352661},"size":27.17947006225586,"orthographic":true}