{"cameraMode":{"drawMode":0,"name":"Shaded","section":"Shading Mode"},"sceneLighting":true,"audioPlay":false,"sceneViewState":{"m_AlwaysRefresh":false,"showFog":true,"showSkybox":true,"showFlares":true,"showImageEffects":true,"showParticleSystems":true,"showVisualEffectGraphs":true,"m_FxEnabled":true},"in2DMode":false,"pivot":{"x":13.519073486328125,"y":9.713699340820313,"z":70.33668518066406},"rotation":{"x":0.27423933148384097,"y":-0.2496400624513626,"z":0.07395263016223908,"w":0.9257463812828064},"size":11.635257720947266,"orthographic":true}