{"cameraMode":{"drawMode":0,"name":"Shaded","section":"Shading Mode"},"sceneLighting":true,"audioPlay":false,"sceneViewState":{"m_AlwaysRefresh":false,"showFog":true,"showSkybox":true,"showFlares":true,"showImageEffects":true,"showParticleSystems":true,"showVisualEffectGraphs":true,"m_FxEnabled":true},"in2DMode":false,"pivot":{"x":-15.793000221252442,"y":4.9670000076293949,"z":45.24599838256836},"rotation":{"x":-0.010485325939953328,"y":-0.01558194775134325,"z":0.001508749439381063,"w":-1.0001804828643799},"size":1.224745273590088,"orthographic":true}