{"cameraMode":{"drawMode":0,"name":"Shaded","section":"Shading Mode"},"sceneLighting":true,"audioPlay":false,"sceneViewState":{"m_AlwaysRefresh":false,"showFog":true,"showSkybox":true,"showFlares":true,"showImageEffects":true,"showParticleSystems":true,"showVisualEffectGraphs":true,"m_FxEnabled":true},"in2DMode":false,"pivot":{"x":380.9881286621094,"y":231.7828826904297,"z":22.62445068359375},"rotation":{"x":-0.010485325939953328,"y":-0.01558194775134325,"z":0.001508749439381063,"w":-1.0001804828643799},"size":403.3141784667969,"orthographic":true}