{"cameraMode":{"drawMode":0,"name":"Shaded","section":"Shading Mode"},"sceneLighting":true,"audioPlay":false,"sceneViewState":{"m_AlwaysRefresh":false,"showFog":true,"showSkybox":true,"showFlares":true,"showImageEffects":true,"showParticleSystems":true,"showVisualEffectGraphs":true,"m_FxEnabled":true},"in2DMode":false,"pivot":{"x":-18.27567481994629,"y":37.807838439941409,"z":205.59461975097657},"rotation":{"x":0.10622775554656983,"y":-0.17007708549499513,"z":0.01830913871526718,"w":0.979559600353241},"size":81.17111206054688,"orthographic":true}