{"cameraMode":{"drawMode":0,"name":"Shaded","section":"Shading Mode"},"sceneLighting":true,"audioPlay":false,"sceneViewState":{"m_AlwaysRefresh":false,"showFog":true,"showSkybox":true,"showFlares":true,"showImageEffects":true,"showParticleSystems":true,"showVisualEffectGraphs":true,"m_FxEnabled":true},"in2DMode":false,"pivot":{"x":0.8989238739013672,"y":-7.53931999206543,"z":48.51842498779297},"rotation":{"x":0.10182257741689682,"y":-0.0053712427616119389,"z":0.0005471612676046789,"w":0.9947956204414368},"size":17.926347732543947,"orthographic":true}