{"cameraMode":{"drawMode":0,"name":"Shaded","section":"Shading Mode"},"sceneLighting":true,"audioPlay":false,"sceneViewState":{"m_AlwaysRefresh":false,"showFog":true,"showSkybox":true,"showFlares":true,"showImageEffects":true,"showParticleSystems":true,"showVisualEffectGraphs":true,"m_FxEnabled":true},"in2DMode":false,"pivot":{"x":-58.835716247558597,"y":37.79473114013672,"z":41.621822357177737},"rotation":{"x":0.12422279268503189,"y":0.3814032971858978,"z":-0.051803555339574817,"w":0.9145679473876953},"size":9.888545036315918,"orthographic":true}