{"cameraMode":{"drawMode":0,"name":"Shaded","section":"Shading Mode"},"sceneLighting":true,"audioPlay":false,"sceneViewState":{"m_AlwaysRefresh":false,"showFog":true,"showSkybox":true,"showFlares":true,"showImageEffects":true,"showParticleSystems":true,"showVisualEffectGraphs":true,"m_FxEnabled":true},"in2DMode":false,"pivot":{"x":-13.878435134887696,"y":38.77533721923828,"z":163.2972412109375},"rotation":{"x":0.42780163884162905,"y":0.08169881999492645,"z":-0.03888508304953575,"w":0.8993584513664246},"size":14.773046493530274,"orthographic":true}