{"cameraMode":{"drawMode":0,"name":"Shaded","section":"Shading Mode"},"sceneLighting":true,"audioPlay":false,"sceneViewState":{"m_AlwaysRefresh":false,"showFog":true,"showSkybox":true,"showFlares":true,"showImageEffects":true,"showParticleSystems":true,"showVisualEffectGraphs":true,"m_FxEnabled":true},"in2DMode":false,"pivot":{"x":14.484594345092774,"y":10.302726745605469,"z":212.43344116210938},"rotation":{"x":0.29112741351127627,"y":0.024929014965891839,"z":-0.007735605351626873,"w":0.9563735723495483},"size":33.42451477050781,"orthographic":true}